<?xml version="1.1" encoding="UTF-8" standalone="no"?>
<databaseChangeLog xmlns:xsi="http://www.w3.org/2001/XMLSchema-instance"
                   xmlns="http://www.liquibase.org/xml/ns/dbchangelog"
                   xsi:schemaLocation="http://www.liquibase.org/xml/ns/dbchangelog
                   http://www.liquibase.org/xml/ns/dbchangelog/dbchangelog-3.8.xsd">

    <changeSet author="vikash" id="1588242420634-1">
        <createTable tableName="address">
            <column name="id" type="VARCHAR(175)">
                <constraints nullable="false" primaryKey="true"/>
            </column>
            <column name="address1" type="varchar(255)">
                <constraints nullable="true"/>
            </column>
            <column name="address2" type="varchar(255)">
                <constraints nullable="true"/>
            </column>
            <column name="city" type="varchar(255)">
                <constraints nullable="true"/>
            </column>
            <column name="state" type="varchar(255)">
                <constraints nullable="true"/>
            </column>
            <column name="latitude" type="varchar(255)">
                <constraints nullable="true"/>
            </column>
            <column name="longitude" type="varchar(255)">
                <constraints nullable="true"/>
            </column>
            <column name="type" type="varchar(255)">
                <constraints nullable="true"/>
            </column>

            <column name="owner_id" type="varchar(255)">
                <constraints nullable="true"/>
            </column>

            <column defaultValueComputed="CURRENT_TIMESTAMP" name="created_on" type="datetime"/>
            <column defaultValueComputed="CURRENT_TIMESTAMP" name="updated_on" type="datetime"/>
            <column name="created_by" type="VARCHAR(255)"/>
            <column name="updated_by" type="VARCHAR(255)"/>
        </createTable>
    </changeSet>
    
    <changeSet id="1689332042" author="raju">
        <preConditions onFail="MARK_RAN">
            <not>
                <tableExists tableName="vehicle"/>
            </not>
        </preConditions>
        <createTable tableName="vehicle">
            <column name="id" type="varchar(255)"/>
            <column name="name" type="varchar(255)"/>
            <column name="user_id" type="varchar(255)">
                <constraints nullable="false"/>
            </column>
            <column name="registration_number" type="varchar(255)">
                <constraints nullable="false"/>
            </column>
            <column name="chassis_number" type="varchar(255)">
                <constraints nullable="false"/>
            </column>
            <column name="engine_number" type="varchar(255)">
                <constraints nullable="false"/>
            </column>
            <column name="created_by" type="varchar(255)"/>
            <column name="created_on" type="datetime"/>
            <column name="updated_on" type="datetime"/>
            <column name="updated_by" type="varchar(255)"/>
        </createTable>
    </changeSet>

    <changeSet id="8769876" author="durgesh">
        <createTable tableName="base_user">
            <column name="id" type="VARCHAR(175)">
                <constraints nullable="false" primaryKey="true"/>
            </column>
            <column name="user_name" type="varchar(176)"/>
            <column name="user_type" type="varchar(176)"/>
            <column name="phone_number" type="varchar(176)"/>
            <column defaultValueComputed="CURRENT_TIMESTAMP" name="created_on" type="datetime"/>
            <column defaultValueComputed="CURRENT_TIMESTAMP" name="updated_on" type="datetime"/>
            <column name="created_by" type="VARCHAR(255)"/>
            <column name="updated_by" type="VARCHAR(255)"/>
        </createTable>
    </changeSet>

    <changeSet author="vikash" id="1588242420634-3">
        <createTable tableName="society_address">
            <column name="id" type="VARCHAR(175)">
                <constraints nullable="false" primaryKey="true"/>
            </column>
            <column name="society_id" type="varchar(255)">
                <constraints nullable="true"/>
            </column>
        </createTable>
    </changeSet>
    <changeSet id="durgesh-123" author="durgesh">
        <createTable tableName="parking_layout">
            <column name="id" type="VARCHAR(255)">
                <constraints nullable="false" primaryKey="true"/>
            </column>
            <column name="no_of_two_wheeler_slot" type="INT" />
            <column name="no_of_four_wheeler_slot" type="INT" />
            <column name="available_two_wheeler_slot" type="INT" />
            <column name="available_four_wheeler_slot" type="INT" />

            <column name="two_wheeler_price" type="DOUBLE" />
            <column name="four_wheeler_price" type="DOUBLE" />

            <column name="created_by" type="varchar(255)"/>
            <column name="created_on" type="datetime"/>
            <column name="updated_on" type="datetime"/>
            <column name="updated_by" type="varchar(255)"/>
        </createTable>
    </changeSet>

    <changeSet author="vikash" id="1588242420634-4">
        <createTable tableName="plot_address">
            <column name="id" type="VARCHAR(175)">
                <constraints nullable="false" primaryKey="true"/>
            </column>
            <column name="plot_id" type="varchar(255)">
                <constraints nullable="true"/>
            </column>
        </createTable>
    </changeSet>

    <changeSet author="vikash" id="1588242420634-5">
        <createTable tableName="commercial_address">
            <column name="id" type="VARCHAR(175)">
                <constraints nullable="false" primaryKey="true"/>
            </column>
            <column name="commercial_id" type="varchar(255)">
                <constraints nullable="true"/>
            </column>
        </createTable>
    </changeSet>
    <changeSet id="1588242420634-6" author="raju">
        <preConditions>
            <not>
                <tableExists tableName="booking_details"/>
            </not>
        </preConditions>
        <createTable tableName="booking_details">
            <column name="id" type="varchar(255)"/>
            <column name="user_id" type="varchar(255)">
                <constraints nullable="false"/>
            </column>
            <column name="parking_layout_id" type="varchar(255)">
                <constraints nullable="false"/>
            </column>
            <column name="expiry" type="datetime">
                <constraints nullable="false"/>
            </column>
            <column name="plan_type" type="varchar(255)">
                <constraints nullable="false"/>
            </column>

            <column name="created_by" type="varchar(255)"/>
            <column name="created_on" type="datetime"/>
            <column name="updated_on" type="datetime"/>
            <column name="updated_by" type="varchar(255)"/>
        </createTable>
    </changeSet>
    <changeSet id="durgesh-123445882" author="durgesh">
        <addColumn tableName="parking_layout">
            <column name="address_id" type="varchar(176)"/>
        </addColumn>
    </changeSet>

    <changeSet id="1588242420634-8" author="vikash">
        <addColumn tableName="address">
            <column name="image_url" type="varchar(255)"/>
        </addColumn>
    </changeSet>


</databaseChangeLog>
